"station","lat","lon","n_start","n_end"
"1 Ave & E 15 St",40.73221853,-73.98165557,4258,4272
"1 Ave & E 18 St",40.7338121919663,-73.9805442094803,2854,2860
"1 Ave & E 30 St",40.74144387,-73.97536082,3241,3251
"1 Ave & E 44 St",40.75001986,-73.96905301,2020,2013
"1 Ave & E 62 St",40.7612274,-73.96094022,2165,2156
"1 Ave & E 68 St",40.76500525,-73.95818491,3533,3530
"1 Ave & E 78 St",40.77140426,-73.9535166,2321,2377
"10 Ave & W 28 St",40.75066386,-74.00176802,3000,3015
"11 Ave & W 27 St",40.751396,-74.005226,2773,2786
"11 Ave & W 41 St",40.76030096,-73.99884222,2661,2673
"11 Ave & W 59 St",40.771522,-73.990541,1829,1793
"12 Ave & W 40 St",40.76087502,-74.00277668,2833,3379
"2 Ave & E 31 St",40.74290902,-73.97706058,3016,3020
"2 Ave & E 58 St",40.76020258,-73.96478473,1,0
"21 St & 41 Ave",40.7538334343762,-73.942676782608,122,114
"21 St & 43 Ave",40.75052534,-73.94594845,73,63
"3 Ave & E 62 St",40.76312584,-73.96526895,1226,1099
"3 Ave & Schermerhorn St",40.68683208,-73.9796772,288,284
"31 St & Thomson Ave",40.74469738,-73.93540375,104,96
"44 Dr & Jackson Ave",40.74718234,-73.9432635,417,427
"45 Rd & 11 St",40.74708586,-73.94977234,387,411
"46 Ave & 5 St",40.74731,-73.95451,716,741
"47 Ave & 31 St",40.743,-73.93561,139,152
"48 Ave & 5 St",40.7443632870669,-73.9558732509613,223,241
"5 Ave & E 29 St",40.7451677,-73.98683077,3164,3177
"5 Ave & E 63 St",40.76650452,-73.97147595,1249,1248
"5 Ave & E 73 St",40.77282817,-73.96685276,1723,1737
"5 Ave & E 78 St",40.7768286343997,-73.9638876914978,2149,2191
"6 Ave & Broome St",40.724399,-74.004704,1752,1772
"6 Ave & Canal St",40.72243797,-74.00566443,1436,1489
"6 Ave & W 33 St",40.74901271,-73.98848395,4002,4004
"8 Ave & W 31 St",40.750967348716,-73.994442075491,4634,4711
"8 Ave & W 33 St",40.751551,-73.993934,5090,5101
"8 Ave & W 52 St",40.76370739,-73.9851615,2857,2517
"9 Ave & W 16 St",40.74206539,-74.00443172,3208,3219
"9 Ave & W 18 St",40.74317449,-74.00366443,2495,2651
"9 Ave & W 22 St",40.7454973,-74.00197139,3754,3799
"9 Ave & W 45 St",40.76019252,-73.9912551,3235,3278
"9 St & 44 Rd",40.74966,-73.9521,131,172
"Adelphi St & Myrtle Ave",40.69308257,-73.97178913,905,854
"Albany Ave & Fulton St",40.6800105,-73.938475,99,65
"Allen St & E Houston St",40.722055,-73.989111,3061,2792
"Allen St & Hester St",40.71605866,-73.99190759,2518,2298
"Allen St & Rivington St",40.72019576,-73.98997825,2848,2749
"Amsterdam Ave & W 73 St",40.7796680900731,-73.9809304475784,2135,2132
"Amsterdam Ave & W 82 St",40.78524672,-73.97667321,1199,1205
"Atlantic Ave & Fort Greene Pl",40.68382604,-73.97632328,717,722
"Atlantic Ave & Furman St",40.69165183,-73.9999786,528,567
"Avenue D & E 12 St",40.72580614,-73.97422494,458,448
"Avenue D & E 3 St",40.72082834,-73.97793172,1256,1253
"Avenue D & E 8 St",40.72368361,-73.97574813,650,633
"Bank St & Hudson St",40.73652889,-74.00618026,2452,2445
"Bank St & Washington St",40.7361967,-74.00859207,1754,1751
"Banker St & Meserole Ave",40.72606,-73.95621,373,391
"Barclay St & Church St",40.71291224,-74.01020234,3541,3567
"Barrow St & Hudson St",40.73172428,-74.00674436,3942,3946
"Bayard St & Baxter St",40.71602118,-73.99974372,2085,2164
"Bedford Ave & Nassau Ave",40.72311651,-73.95212324,963,967
"Bedford Ave & S 9 St",40.70853074,-73.96408963,209,165
"Berry St & N 8 St",40.7190095,-73.95852515,870,828
"Bialystoker Pl & Delancey St",40.71622644,-73.98261206,1664,1189
"Boerum St & Broadway",40.70538077,-73.94976519,272,294
"Bond St & Fulton St",40.6896218879033,-73.9830426871777,292,310
"Bond St & Schermerhorn St",40.68807003,-73.98410637,594,611
"Broad St & Bridge St",40.70365182,-74.01167797,876,1077
"Broadway & Battery Pl",40.70463334,-74.01361706,1872,1910
"Broadway & Berry St",40.71044554,-73.96525063,759,767
"Broadway & E 14 St",40.73454567,-73.99074142,6166,6240
"Broadway & E 22 St",40.7403432,-73.98955109,5551,5683
"Broadway & Roebling St",40.70925562,-73.95982218,474,476
"Broadway & W 24 St",40.7423543,-73.98915076,4426,4402
"Broadway & W 29 St",40.7462009,-73.98855723,3253,3229
"Broadway & W 32 St",40.74854862,-73.98808416,3390,3384
"Broadway & W 36 St",40.75097711,-73.98765428,1707,1711
"Broadway & W 37 St",40.75172632,-73.98753523,1977,1631
"Broadway & W 39 St",40.75299641,-73.98721619,2302,2135
"Broadway & W 41 St",40.75513557,-73.98658032,3125,3089
"Broadway & W 49 St",40.76064679,-73.98442659,3251,3272
"Broadway & W 51 St",40.76228826,-73.98336183,2360,2349
"Broadway & W 53 St",40.76344058,-73.98268129,2090,2026
"Broadway & W 55 St",40.7652654,-73.98192338,3261,2871
"Broadway & W 58 St",40.76695317,-73.98169333,3236,3049
"Broadway & W 60 St",40.76915505,-73.98191841,3534,3431
"Broadway & Whipple St",40.7016657,-73.9437303,270,276
"Brooklyn Bridge Park - Pier 2",40.69878,-73.99712,285,273
"Bus Slip & State St",40.701907,-74.013942,1139,1187
"Bushwick Ave & Powers St",40.71247661,-73.94100005,298,283
"Cadman Plaza E & Red Cross Pl",40.69991755,-73.98971773,583,431
"Cadman Plaza E & Tillary St",40.69597683,-73.99014892,518,548
"Cadman Plaza W & Pierrepont St",40.6947570136388,-73.9905273914337,303,298
"Cadman Plaza West & Montague St",40.69383,-73.990539,1029,1018
"Cambridge Pl & Gates Ave",40.68488,-73.96304,234,182
"Canal St & Rutgers St",40.71427487,-73.98990025,2428,2434
"Carlton Ave & Flushing Ave",40.697787,-73.973736,539,537
"Carlton Ave & Park Ave",40.69580705,-73.97355569,342,310
"Carmine St & 6 Ave",40.73038599,-74.00214988,4757,5119
"Catherine St & Monroe St",40.71117444,-73.99682619,1176,1171
"Center Blvd & Borden Ave",40.74161,-73.96044,169,189
"Central Park S & 6 Ave",40.76590936,-73.97634151,4304,4195
"Central Park West & W 68 St",40.7734066,-73.97782542,1512,1356
"Central Park West & W 72 St",40.7757937668367,-73.9762057363987,1560,1461
"Central Park West & W 76 St",40.77896784,-73.97374737,1239,1192
"Central Park West & W 85 St",40.78472675,-73.96961715,2558,2576
"Centre St & Chambers St",40.71273266,-74.0046073,3298,3226
"Centre St & Worth St",40.71494807,-74.00234482,1418,1421
"Cherry St",40.71219906,-73.97948148,702,692
"Christopher St & Greenwich St",40.73291553,-74.00711384,4207,4234
"Clark St & Henry St",40.69760127,-73.99344559,1191,896
"Clermont Ave & Lafayette Ave",40.68764484,-73.96968902,373,291
"Clermont Ave & Park Ave",40.69573398,-73.97129668,324,285
"Cleveland Pl & Spring St",40.722103786686,-73.997249007225,5017,4978
"Cliff St & Fulton St",40.70823502,-74.00530063,1385,1513
"Clinton Ave & Flushing Ave",40.69794,-73.96986848,314,292
"Clinton Ave & Myrtle Ave",40.693261,-73.968896,1093,1059
"Clinton St & Grand St",40.71559509,-73.9870295,1599,1581
"Clinton St & Joralemon St",40.69239502,-73.99337909,732,721
"Clinton St & Tillary St",40.696192,-73.991218,509,507
"Columbia Heights & Cranberry St",40.70037867,-73.99548059,290,212
"Columbia St & Rivington St",40.71739973,-73.98016555,1168,1150
"Columbus Ave & W 72 St",40.7770575,-73.97898475,2163,1948
"Concord St & Bridge St",40.69766564,-73.98476437,388,359
"Cumberland St & Lafayette Ave",40.68753406,-73.97265183,550,487
"Dean St & 4 Ave",40.68312489,-73.97895137,859,1003
"DeKalb Ave & Hudson Ave",40.689888,-73.981013,986,1663
"DeKalb Ave & S Portland Ave",40.68981035,-73.97493121,517,431
"DeKalb Ave & Skillman St",40.6906495,-73.95643107,275,235
"DeKalb Ave & Vanderbilt Ave",40.68940747,-73.96885458,593,464
"Devoe St & Leonard St",40.71348658,-73.94792458,340,323
"Division Ave & Hooper St",40.70691254,-73.95441667,226,193
"Division Ave & Marcy Ave",40.70708701,-73.95796783,99,57
"Division St & Bowery",40.71413089,-73.9970468,1762,1886
"Driggs Ave & Lorimer St",40.72179134,-73.9504154,393,338
"Driggs Ave & N Henry St",40.72325,-73.94308,610,553
"Duane St & Greenwich St",40.71748752,-74.0104554,1322,1366
"Duffield St & Willoughby St",40.69221589,-73.9842844,521,537
"E 10 St & 5 Ave",40.73331967,-73.99510132,2374,2413
"E 10 St & Avenue A",40.72740794,-73.98142006,3073,3214
"E 11 St & 1 Ave",40.72953837,-73.98426726,2865,2899
"E 11 St & 2 Ave",40.73047309,-73.98672378,3284,3264
"E 11 St & Broadway",40.73261787,-73.99158043,1877,1833
"E 12 St & 3 Ave",40.73223272,-73.98889957,3420,3424
"E 13 St & Avenue A",40.72955361,-73.98057249,2600,2546
"E 14 St & Avenue B",40.72938685,-73.97772429,3492,2750
"E 15 St & 3 Ave",40.734232,-73.986923,3176,3180
"E 16 St & 5 Ave",40.73726186,-73.99238967,3679,3754
"E 16 St & Irving Pl",40.73524276,-73.98758561,2790,2792
"E 17 St & Broadway",40.73704984,-73.99009296,6105,6760
"E 19 St & 3 Ave",40.73624527,-73.98473765,2103,2085
"E 2 St & 2 Ave",40.72502876,-73.99069656,2161,2267
"E 2 St & Avenue B",40.72217444,-73.98368779,2880,2878
"E 2 St & Avenue C",40.7208736,-73.98085795,1524,1515
"E 20 St & 2 Ave",40.73587678,-73.98205027,3202,3204
"E 20 St & FDR Drive",40.73314259,-73.97573881,2899,2884
"E 20 St & Park Ave",40.73827428,-73.98751968,3487,3525
"E 23 St & 1 Ave",40.736502,-73.97809472,3241,3239
"E 24 St & Park Ave S",40.74096374,-73.98602213,2794,2808
"E 25 St & 1 Ave",40.7381765,-73.97738662,2423,2374
"E 25 St & 2 Ave",40.73912601,-73.97973776,3143,2833
"E 27 St & 1 Ave",40.739445,-73.976806,2111,2128
"E 3 St & 1 Ave",40.72467721,-73.98783413,2817,2817
"E 30 St & Park Ave S",40.74444921,-73.98303529,2890,2795
"E 31 St & 3 Ave",40.74394314,-73.97966069,2485,2496
"E 32 St & Park Ave",40.7457121,-73.98194829,4015,3979
"E 33 St & 2 Ave",40.744023,-73.976056,3614,3605
"E 33 St & 5 Ave",40.74765947,-73.98490707,3056,3045
"E 37 St & Lexington Ave",40.748238,-73.978311,1499,1480
"E 39 St & 2 Ave",40.74780373,-73.9734419,3727,3714
"E 39 St & 3 Ave",40.7489006,-73.97604882,2622,2606
"E 4 St & 2 Ave",40.7262807,-73.98978041,2785,2859
"E 40 St & Madison Ave",40.7515936845111,-73.9804315567017,2682,2699
"E 41 St & Madison Ave",40.752165280622,-73.9799219369888,1354,1357
"E 43 St & 2 Ave",40.75022392,-73.97121414,1255,1199
"E 45 St & 3 Ave",40.75255434,-73.97282625,2086,2096
"E 47 St & 1 Ave",40.75206862,-73.96784384,1123,1135
"E 47 St & 2 Ave",40.75323098,-73.97032517,1873,1884
"E 47 St & Park Ave",40.75510267,-73.97498696,4001,4014
"E 48 St & 3 Ave",40.7546011026,-73.971878855,2012,2085
"E 48 St & 5 Ave",40.7572456791173,-73.978059142828,2814,2782
"E 5 St & Avenue C",40.72299208,-73.97995466,1334,1332
"E 51 St & 1 Ave",40.75455731,-73.96592976,1235,1233
"E 51 St & Lexington Ave",40.75714758,-73.97207836,1887,1915
"E 52 St & 2 Ave",40.756014,-73.967416,1960,1965
"E 53 St & Lexington Ave",40.75828065,-73.97069431,1675,1688
"E 53 St & Madison Ave",40.7597108,-73.97402311,1801,1805
"E 55 St & 2 Ave",40.75797322,-73.96603308,2010,2019
"E 55 St & 3 Ave",40.7589965596051,-73.9686539769173,1798,1806
"E 55 St & Lexington Ave",40.75968085,-73.97031366,1240,1211
"E 56 St & Madison Ave",40.761628,-73.972924,1699,1723
"E 58 St & 3 Ave",40.76095756,-73.96724467,2905,2914
"E 59 St & Madison Ave",40.76350532,-73.97109243,1440,1480
"E 6 St & Avenue B",40.72453734,-73.98185424,2381,2685
"E 6 St & Avenue D",40.72228087,-73.97668709,994,968
"E 60 St & York Ave",40.759107,-73.959223,916,849
"E 67 St & Park Ave",40.7678008014813,-73.9659208059311,1211,1221
"E 7 St & Avenue A",40.72621788,-73.98379855,3620,3029
"E 71 St & 2 Ave",40.7681754674225,-73.9591026306152,427,434
"E 72 St & Park Ave",40.7711828754066,-73.9640942215919,1249,1189
"E 72 St & York Ave",40.76663814,-73.95348296,2359,2334
"E 75 St & 3 Ave",40.77112927,-73.95772297,1276,1267
"E 77 St & 3 Ave",40.77314236,-73.95856158,1053,1060
"E 77 St & Park Ave",40.774405455003,-73.9617526531219,274,287
"E 80 St & 2 Ave",40.7739139023812,-73.9543953537941,473,458
"E 81 St & 3 Ave",40.77573034,-73.9567526,668,641
"E 81 St & Park Ave",40.77677702,-73.9590097,538,505
"E 81 St & York Ave",40.7728384,-73.94989233,991,955
"E 84 St & 1 Ave",40.77565541,-73.95068615,1290,1387
"E 84 St & Park Ave",40.77862688,-73.95772073,2092,2136
"E 85 St & 3 Ave",40.77801203,-73.95407149,2045,2056
"E 85 St & York Ave",40.77536905,-73.94803392,1214,1065
"E 9 St & Avenue C",40.72521311,-73.97768752,1986,2105
"East End Ave & E 86 St",40.77518615,-73.94446054,470,459
"Elizabeth St & Hester St",40.71729,-73.996375,2354,2183
"Emerson Pl & Myrtle Ave",40.69363137,-73.96223558,549,468
"FDR Drive & E 35 St",40.744219,-73.97121214,1909,1862
"Forsyth St & Broome St",40.71893904,-73.99266288,2678,2666
"Forsyth St & Canal St",40.7158155,-73.99422366,1707,1706
"Franklin Ave & Myrtle Ave",40.694528,-73.958089,236,209
"Franklin St & Dupont St",40.73564,-73.95866,381,375
"Franklin St & W Broadway",40.71911552,-74.00666661,1579,1728
"Front St & Gold St",40.70224,-73.982578,383,405
"Front St & Maiden Ln",40.70530954,-74.00612572,1211,1245
"Front St & Washington St",40.70255088,-73.98940236,1080,1245
"Frost St & Meeker St",40.71764,-73.94882,216,186
"Fulton St & Broadway",40.711066,-74.009447,1400,1413
"Fulton St & Clermont Ave",40.68415748,-73.96922273,451,415
"Fulton St & Grand Ave",40.68223166,-73.9614583,347,343
"Fulton St & Rockwell Pl",40.688226,-73.979382,529,708
"Fulton St & Utica Ave",40.6794268,-73.9298911,259,262
"Fulton St & Washington Ave",40.683048,-73.964915,769,747
"Fulton St & William St",40.70955958,-74.00653609,1542,1577
"Gallatin Pl & Livingston St",40.69028437,-73.98707105,253,291
"Graham Ave & Conselyea St",40.715143,-73.944507,831,802
"Graham Ave & Grand St",40.711863,-73.944024,341,312
"Graham Ave & Herbert St",40.71929301,-73.94500379,234,161
"Graham Ave & Withers St",40.7169811,-73.94485918,292,241
"Grand Army Plaza & Central Park S",40.7643971,-73.97371465,3232,3181
"Grand St & Greene St",40.72165481,-74.00234737,1868,1938
"Grand St & Havemeyer St",40.71286844,-73.95698119,692,726
"Great Jones St",40.72743423,-73.99379025,3126,3197
"Greene Ave & Nostrand Ave",40.6883337,-73.950916,138,117
"Greene Ave & Throop Ave",40.6894932,-73.942061,258,228
"Greenpoint Ave & Manhattan Ave",40.73026,-73.95394,702,698
"Greenwich Ave & 8 Ave",40.7390169121,-74.0026376103,4752,4864
"Greenwich Ave & Charles St",40.735238,-74.000271,2490,2543
"Greenwich St & N Moore St",40.72043411,-74.01020609,2611,2518
"Greenwich St & W Houston St",40.728846,-74.008591,2808,2918
"Greenwich St & Warren St",40.71542197,-74.01121978,3054,3470
"Halsey St & Tompkins Ave",40.6823687,-73.944118,273,278
"Hancock St & Bedford Ave",40.68216564,-73.95399026,213,180
"Hanson Pl & St Felix St",40.6851595998918,-73.9771136641502,1395,1435
"Harrison St & Hudson St",40.71870987,-74.0090009,1293,1359
"Henry St & Atlantic Ave",40.69089272,-73.99612349,976,1016
"Henry St & Grand St",40.714215,-73.981346,1872,1845
"Henry St & Poplar St",40.700469,-73.991454,271,259
"Hicks St & Montague St",40.69512845,-73.99595065,717,704
"Hope St & Union Ave",40.71167351,-73.95141312,436,412
"Howard St & Centre St",40.71910537,-73.99973337,2349,2391
"Hudson St & Reade St",40.71625008,-74.0091059,1654,1735
"Humboldt St & Varet St",40.7031724,-73.940636,241,250
"Huron St & Franklin St",40.73266,-73.95826,446,423
"India St & East River",40.73165141,-73.96161892,174,190
"India St & Manhattan Ave",40.73232194,-73.9550858,477,476
"Jackson Ave & 46 Rd",40.74524768,-73.94733276,218,199
"Jay St & Tech Pl",40.695065,-73.987167,918,959
"John St & William St",40.70862144,-74.00722156,1378,1352
"Johnson St & Gold St",40.69474881,-73.98362464,687,671
"Kent Ave & N 7 St",40.72057658,-73.96150225,1312,1544
"Kent Ave & S 11 St",40.70827295,-73.96834101,695,690
"Kingston Ave & Herkimer St",40.67890679,-73.94142771,111,118
"Kosciuszko St & Nostrand Ave",40.69072549,-73.95133465,174,148
"Kosciuszko St & Tompkins Ave",40.69128258,-73.9452416,206,189
"Lafayette Ave & Classon Ave",40.68900443,-73.96023854,412,345
"Lafayette Ave & Fort Greene Pl",40.68691865,-73.976682,668,711
"Lafayette Ave & St James Pl",40.68851534,-73.9647628,570,365
"Lafayette St & E 8 St",40.73028666,-73.9907647,7101,7252
"Lafayette St & Jersey St",40.72456089,-73.99565293,4724,4781
"LaGuardia Pl & W 3 St",40.72917025,-73.99810231,3363,3403
"Laight St & Hudson St",40.72185379,-74.00771779,758,775
"Lawrence St & Willoughby St",40.69236178,-73.98631746,1057,1103
"Lefferts Pl & Franklin Ave",40.680342423,-73.9557689392,467,471
"Leonard St & Bayard St",40.71928,-73.94861,276,267
"Leonard St & Boerum St",40.70583339,-73.94644578,216,211
"Leonard St & Church St",40.717571,-74.005549,1465,1499
"Leonard St & Grand St",40.71103537,-73.94714303,397,401
"Leonard St & Manhattan Ave",40.721522403393,-73.948982656002,249,190
"Leonard St & Meeker Ave",40.7173184038558,-73.9482021331787,176,133
"Lewis Ave & Decatur St",40.6814598,-73.934903,100,91
"Lewis Ave & Kosciuszko St",40.69237074,-73.93705428,223,193
"Lewis Ave & Madison St",40.686312,-73.935775,282,250
"Lexington Ave & Classon Ave",40.68676793,-73.95928168,414,374
"Lexington Ave & E 24 St",40.74025878,-73.98409214,4337,4374
"Lexington Ave & E 29 St",40.7431155537649,-73.9821535348892,2776,2786
"Lexington Ave & E 63 St",40.76440023,-73.96648977,1203,1219
"Liberty St & Broadway",40.70905623,-74.01043382,2047,1970
"Lispenard St & Broadway",40.71939226,-74.00247214,1879,2077
"Little West St & 1 Pl",40.70569254,-74.01677685,2155,2166
"Lorimer St & Broadway",40.70411791,-73.94818595,192,218
"MacDougal St & Prince St",40.72710258,-74.00297088,3117,3253
"MacDougal St & Washington Sq",40.73226398,-73.99852205,2506,2558
"Macon St & Nostrand Ave",40.6809833854,-73.9500479759,631,616
"Madison St & Clinton St",40.71269042,-73.98776323,1105,1103
"Madison St & Montgomery St",40.713126,-73.984844,980,976
"Maiden Ln & Pearl St",40.70706456,-74.00731853,1235,1301
"Marcus Garvey Blvd & Macon St",40.682601,-73.938037,183,172
"Marcy Ave & Lafayette Ave",40.6900815,-73.947915,70,41
"Marcy Ave & MacDonough St",40.6806176845545,-73.9462494850159,150,132
"Market St & Cherry St",40.71076228,-73.99400398,899,901
"McGuinness Blvd & Eagle St",40.73555,-73.95284,490,461
"McKibbin St & Manhattan Ave",40.70510918,-73.94407279,168,141
"Mercer St & Bleecker St",40.72679454,-73.99695094,3282,3576
"Mercer St & Spring St",40.72362738,-73.99949601,1902,2062
"Meserole Ave & Manhattan Ave",40.72708584,-73.95299117,692,691
"Metropolitan Ave & Bedford Ave",40.71534825,-73.96024116,964,960
"Metropolitan Ave & Meeker Ave",40.71413311,-73.95234386,653,650
"Milton St & Franklin St",40.72906,-73.95779,928,928
"Monroe St & Bedford Ave",40.6851443,-73.95380904,449,447
"Monroe St & Classon Ave",40.6845683,-73.95881081,234,137
"Monroe St & Tompkins Ave",40.686203,-73.944694,13,9
"Montrose Ave & Bushwick Ave",40.70767788,-73.94016171,490,526
"Mott St & Prince St",40.72317958,-73.99480012,2571,2830
"Murray St & West St",40.7149787,-74.013012,1675,1729
"Myrtle Ave & Lewis Ave",40.69681963,-73.93756926,439,477
"Myrtle Ave & Marcy Ave",40.69539817,-73.94954908,224,203
"Myrtle Ave & St Edwards St",40.69327018,-73.97703874,282,242
"N 11 St & Wythe Ave",40.72153267,-73.95782357,523,559
"N 12 St & Bedford Ave",40.72079821,-73.95484712,461,449
"N 15 St & Wythe Ave",40.724055,-73.955736,156,152
"N 6 St & Bedford Ave",40.71745169,-73.95850939,1655,1647
"N 8 St & Driggs Ave",40.71774592,-73.95600096,1703,1709
"N Henry St & Richardson St",40.71921585,-73.9424469,521,527
"Nassau Ave & Russell St",40.72557,-73.94434,877,866
"Nassau St & Navy St",40.69839895,-73.98068914,314,286
"Norfolk St & Broome St",40.7172274,-73.98802084,1648,1647
"Norman Ave & Leonard St",40.7258483,-73.95064893,372,347
"Nostrand Ave & Myrtle Ave",40.69527008,-73.95238108,129,118
"Old Fulton St",40.70277159,-73.99383605,925,917
"Old Slip & Front St",40.7037992,-74.00838676,1017,1108
"PABT Valet",40.7589848139963,-73.9937996864319,2097,706
"Park Ave & Marcus Garvey Blvd",40.698617,-73.941342,83,93
"Park Ave & St Edwards St",40.69608941,-73.97803415,150,117
"Pearl St & Anchorage Pl",40.70281858,-73.98765762,586,776
"Pearl St & Hanover Square",40.7047177,-74.00926027,1458,2261
"Peck Slip & Front St",40.707873,-74.00167,1524,1644
"Penn Station Valet",40.7512835969623,-73.9969244599342,3937,2069
"Perry St & Bleecker St",40.73535398,-74.00483091,1640,1642
"Pershing Square North",40.751873,-73.977706,8843,8752
"Pershing Square South",40.751581,-73.97791,4165,3411
"Pike St & E Broadway",40.71406667,-73.99293911,1756,1742
"Pike St & Monroe St",40.71173107,-73.99193043,777,769
"Pitt St & Stanton St",40.71926081,-73.98178024,692,656
"Pulaski St & Marcus Garvey Blvd",40.6933982,-73.939877,117,116
"Putnam Ave & Nostrand Ave",40.68402,-73.94977,165,145
"Putnam Ave & Throop Ave",40.6851532,-73.94111,260,216
"Queens Plaza North & Crescent St",40.75110165,-73.94073717,807,805
"Railroad Ave & Kay Ave",40.70531194,-73.97100056,22,35
"Reade St & Broadway",40.71450451,-74.00562789,1597,1613
"Riverside Blvd & W 67 St",40.777507027548,-73.9888858795166,1128,1129
"Riverside Dr & W 72 St",40.7805779901033,-73.9856243133545,967,933
"Riverside Dr & W 78 St",40.78414472,-73.98362492,701,595
"Riverside Dr & W 82 St",40.78720869,-73.98128127,1098,1050
"Rivington St & Chrystie St",40.72110063,-73.9919254,1558,1566
"Roebling St & N 4 St",40.71469,-73.95739,486,480
"S 3 St & Bedford Ave",40.71260486,-73.96264403,775,670
"S 4 St & Rodney St",40.70934,-73.95608,245,234
"S 4 St & Wythe Ave",40.71285887,-73.96590294,810,785
"S 5 Pl & S 4 St",40.710451,-73.960876,1481,1308
"S Portland Ave & Hanson Pl",40.68539567,-73.97431458,390,382
"Sands St & Navy St",40.699773,-73.979927,146,167
"Schermerhorn St & Court St",40.6910292567797,-73.991833627224,15,23
"Scholes St & Manhattan Ave",40.70870368,-73.9448625,264,237
"Shevchenko Pl & E 7 St",40.728145,-73.990214,2353,2388
"South End Ave & Liberty St",40.711512,-74.015756,3956,3962
"South St & Gouverneur Ln",40.70355377,-74.00670227,1383,1417
"South St & Whitehall St",40.70122128,-74.01234218,1163,1362
"Spruce St & Nassau St",40.71146364,-74.00552427,1420,1433
"St James Pl & Oliver St",40.71307916,-73.99851193,1395,1387
"St James Pl & Pearl St",40.71117416,-74.00016545,713,717
"St Marks Pl & 1 Ave",40.72779126,-73.98564945,2558,2531
"St Marks Pl & 2 Ave",40.7284186,-73.98713956,3296,3279
"Stagg St & Union Ave",40.70877084,-73.95095259,499,463
"Stanton St & Chrystie St",40.72229346,-73.99147535,2073,2039
"Stanton St & Mangin St",40.71782143,-73.97628939,882,878
"State St & Smith St",40.68926942,-73.98912867,1208,1250
"Suffolk St & Stanton St",40.72066442,-73.98517977,2888,2895
"Sullivan St & Washington Sq",40.73047747,-73.99906065,2325,2616
"Throop Ave & Myrtle Ave",40.69622937,-73.94371094,97,73
"Tompkins Ave & Hopkins St",40.69957608,-73.94708417,158,163
"Union Ave & Jackson St",40.7160751,-73.952029,389,392
"Union Ave & N 12 St",40.71924,-73.95242,411,411
"Union Ave & Wallabout St",40.70029511,-73.95032283,142,144
"University Pl & E 14 St",40.73492695,-73.99200509,3968,4529
"Vernon Blvd & 50 Ave",40.74232744,-73.95411749,1049,1042
"Vesey Pl & River Terrace",40.7153379,-74.01658354,4172,4172
"W 11 St & 6 Ave",40.73532427,-73.99800419,1700,1703
"W 13 St & 5 Ave",40.73543934,-73.99453948,2643,2691
"W 13 St & 6 Ave",40.73649403,-73.99704374,3137,3158
"W 13 St & 7 Ave",40.73781509,-73.99994661,2606,2758
"W 13 St & Hudson St",40.7399735410341,-74.0051387250423,2222,2368
"W 14 St & The High Line",40.74195138,-74.00803013,1544,1795
"W 15 St & 7 Ave",40.73935542,-73.99931783,3001,3097
"W 16 St & The High Line",40.74334935,-74.00681753,2628,2635
"W 17 St & 8 Ave",40.74177603,-74.00149746,3686,3750
"W 18 St & 6 Ave",40.73971301,-73.99456405,4719,5064
"W 20 St & 11 Ave",40.746745,-74.007756,4211,4404
"W 20 St & 7 Ave",40.74238787,-73.99726235,3257,3270
"W 20 St & 8 Ave",40.74345335,-74.00004031,2590,2602
"W 21 St & 6 Ave",40.74173969,-73.99415556,6918,7003
"W 22 St & 10 Ave",40.74691959,-74.00451887,3503,3545
"W 22 St & 8 Ave",40.74475148,-73.99915362,3345,3423
"W 24 St & 7 Ave",40.74487634,-73.99529885,4075,4084
"W 25 St & 6 Ave",40.74395411,-73.99144871,3234,3255
"W 26 St & 10 Ave",40.749717753,-74.002950346,2502,2499
"W 26 St & 8 Ave",40.74734825,-73.99723551,3733,3781
"W 27 St & 7 Ave",40.746647,-73.993915,3940,3951
"W 29 St & 9 Ave",40.7500727,-73.99839279,2304,2325
"W 31 St & 7 Ave",40.749156,-73.9916,4370,4540
"W 33 St & 7 Ave",40.75019995,-73.99093085,3978,4586
"W 34 St & 11 Ave",40.75594159,-74.0021163,1290,1288
"W 37 St & 10 Ave",40.75660359,-73.9979009,2272,2260
"W 37 St & 5 Ave",40.75038009,-73.98338988,2361,2355
"W 38 St & 8 Ave",40.75466591,-73.99138152,4419,4409
"W 39 St & 9 Ave",40.75645824,-73.99372222,3445,3425
"W 4 St & 7 Ave S",40.73401143,-74.00293877,3314,3365
"W 41 St & 8 Ave",40.75640548,-73.9900262,4497,5250
"W 42 St & 8 Ave",40.7575699,-73.99098507,2967,2832
"W 43 St & 10 Ave",40.76009437,-73.99461843,2998,3010
"W 43 St & 6 Ave",40.75527307,-73.98316936,2430,2373
"W 44 St & 5 Ave",40.75500254,-73.98014437,3338,3331
"W 45 St & 6 Ave",40.7568001,-73.98291153,2145,2174
"W 45 St & 8 Ave",40.75929124,-73.98859651,2506,2486
"W 46 St & 11 Ave",40.76341379,-73.99667444,1923,1906
"W 47 St & 10 Ave",40.76269882,-73.99301222,2198,2210
"W 49 St & 8 Ave",40.76227205,-73.98788205,2853,2820
"W 51 St & 6 Ave",40.7606597,-73.98042047,2602,2600
"W 52 St & 11 Ave",40.76727216,-73.99392888,1648,1646
"W 52 St & 5 Ave",40.75992262,-73.97648516,2975,2963
"W 52 St & 9 Ave",40.76461837,-73.98789473,2235,1958
"W 53 St & 10 Ave",40.76669671,-73.99061728,2177,2171
"W 54 St & 9 Ave",40.76584941,-73.98690506,867,805
"W 56 St & 10 Ave",40.768254,-73.988639,2169,2174
"W 56 St & 6 Ave",40.76340613,-73.97722479,3090,3088
"W 59 St & 10 Ave",40.770513,-73.988038,1107,1087
"W 63 St & Broadway",40.77163851,-73.98261428,1859,1855
"W 64 St & West End Ave",40.77452835,-73.98753759,1100,1077
"W 67 St & Broadway",40.77492513,-73.98266566,1834,1826
"W 70 St & Amsterdam Ave",40.77748046,-73.98288594,1604,1569
"W 74 St & Columbus Ave",40.7785669,-73.97754961,889,845
"W 76 St & Columbus Ave",40.7801839724239,-73.9772853255272,1002,986
"W 78 St & Broadway",40.78339981,-73.98093133,1044,1046
"W 82 St & Central Park West",40.78275,-73.97137,847,849
"W 84 St & Broadway",40.7867947,-73.977112,1876,1805
"W 84 St & Columbus Ave",40.78499979,-73.97283406,1241,1087
"W Broadway & Spring St",40.72490985,-74.00154702,2790,3143
"Warren St & Church St",40.71473993,-74.00910627,1315,1413
"Washington Ave & Greene Ave",40.68650065,-73.96563307,352,317
"Washington Ave & Park Ave",40.69610226,-73.96751037,648,632
"Washington Park",40.6917823,-73.9737299,432,362
"Washington Pl & 6 Ave",40.73224119,-74.00026394,1804,1827
"Washington Pl & Broadway",40.72903917,-73.99404649,3235,3249
"Washington St & Gansevoort St",40.739323,-74.008119,3197,3327
"Water - Whitehall Plaza",40.70255065,-74.0127234,1077,1082
"Watts St & Greenwich St",40.72405549,-74.00965965,1978,1972
"West St & Chambers St",40.71754834,-74.01322069,4542,4619
"West Thames St",40.70834698,-74.01713445,2085,2095
"William St & Pine St",40.70717936,-74.00887308,1519,1367
"Willoughby Ave & Hall St",40.69196035,-73.96536851,599,544
"Willoughby Ave & Tompkins Ave",40.69425403,-73.94626915,234,214
"Willoughby Ave & Walworth St",40.69331716,-73.95381995,303,296
"Willoughby St & Fleet St",40.69196566,-73.9813018,709,678
"Wythe Ave & Metropolitan Ave",40.716887,-73.963198,1383,1433
"York St & Jay St",40.7014851,-73.98656928,1364,1500
"E 40 St & 5 Ave",40.774405455003,-73.9617526531219,0,1
"NYCBS Depot - DEL",40.722103786686,-73.997249007225,0,40
"NYCBS Depot - FAR",40.7390169121,-74.0026376103,0,21
"NYCBS Depot - SSP",40.7546011026,-73.971878855,0,17
"NYCBS Depot - STY",40.73781509,-73.99994661,0,6
"Warren St",40.76087502,-74.00277668,0,1
